{
  "lang":"en",
  "name":"pipeline",
  "version":"0.0.0",
  "spacy_version":">=3.5.0,<3.6.0",
  "description":"",
  "author":"",
  "email":"",
  "url":"",
  "license":"",
  "spacy_git_version":"dec81508d",
  "vectors":{
    "width":0,
    "vectors":0,
    "keys":0,
    "name":null,
    "mode":"default"
  },
  "labels":{
    "tok2vec":[

    ],
    "ner":[
      "B-DES",
      "B-EMAIL",
      "B-NAME",
      "B-ORG",
      "B-PHOE",
      "B-PHONE",
      "B-WEB",
      "DES",
      "EMAIL",
      "I-DE",
      "I-DES",
      "I-EMAIL",
      "I-NAME",
      "I-OR",
      "I-ORG",
      "I-PHONE",
      "I-WEB",
      "NAME",
      "ORG",
      "PHONE",
      "WEB"
    ]
  },
  "pipeline":[
    "tok2vec",
    "ner"
  ],
  "components":[
    "tok2vec",
    "ner"
  ],
  "disabled":[

  ],
  "performance":{
    "ents_f":0.6439232409,
    "ents_p":0.7156398104,
    "ents_r":0.5852713178,
    "ents_per_type":{
      "B-ORG":{
        "p":0.3333333333,
        "r":0.2272727273,
        "f":0.2702702703
      },
      "I-ORG":{
        "p":0.7,
        "r":0.5714285714,
        "f":0.6292134831
      },
      "I-NAME":{
        "p":0.8260869565,
        "r":0.6129032258,
        "f":0.7037037037
      },
      "B-DES":{
        "p":0.5625,
        "r":0.6,
        "f":0.5806451613
      },
      "I-DES":{
        "p":0.5789473684,
        "r":0.7333333333,
        "f":0.6470588235
      },
      "B-NAME":{
        "p":0.9230769231,
        "r":0.5454545455,
        "f":0.6857142857
      },
      "B-EMAIL":{
        "p":1.0,
        "r":0.9333333333,
        "f":0.9655172414
      },
      "B-WEB":{
        "p":0.8125,
        "r":0.9285714286,
        "f":0.8666666667
      },
      "B-PHONE":{
        "p":0.6666666667,
        "r":0.625,
        "f":0.6451612903
      },
      "I-PHONE":{
        "p":0.8260869565,
        "r":0.4634146341,
        "f":0.59375
      },
      "PHONE":{
        "p":0.0,
        "r":0.0,
        "f":0.0
      },
      "I-WEB":{
        "p":0.0,
        "r":0.0,
        "f":0.0
      },
      "I-EMAIL":{
        "p":1.0,
        "r":1.0,
        "f":1.0
      }
    },
    "tok2vec_loss":477.3035201507,
    "ner_loss":415.7483345082
  }
}