{
  "lang":"en",
  "name":"pipeline",
  "version":"0.0.0",
  "spacy_version":">=3.5.0,<3.6.0",
  "description":"",
  "author":"",
  "email":"",
  "url":"",
  "license":"",
  "spacy_git_version":"dec81508d",
  "vectors":{
    "width":0,
    "vectors":0,
    "keys":0,
    "name":null,
    "mode":"default"
  },
  "labels":{
    "tok2vec":[

    ],
    "ner":[
      "B-DES",
      "B-EMAIL",
      "B-NAME",
      "B-ORG",
      "B-PHOE",
      "B-PHONE",
      "B-WEB",
      "DES",
      "EMAIL",
      "I-DE",
      "I-DES",
      "I-EMAIL",
      "I-NAME",
      "I-OR",
      "I-ORG",
      "I-PHONE",
      "I-WEB",
      "NAME",
      "ORG",
      "PHONE",
      "WEB"
    ]
  },
  "pipeline":[
    "tok2vec",
    "ner"
  ],
  "components":[
    "tok2vec",
    "ner"
  ],
  "disabled":[

  ],
  "performance":{
    "ents_f":0.6638115632,
    "ents_p":0.7416267943,
    "ents_r":0.6007751938,
    "ents_per_type":{
      "B-ORG":{
        "p":0.4117647059,
        "r":0.3181818182,
        "f":0.358974359
      },
      "I-ORG":{
        "p":0.7894736842,
        "r":0.612244898,
        "f":0.6896551724
      },
      "I-NAME":{
        "p":0.8571428571,
        "r":0.5806451613,
        "f":0.6923076923
      },
      "B-DES":{
        "p":0.6,
        "r":0.8,
        "f":0.6857142857
      },
      "I-DES":{
        "p":0.6315789474,
        "r":0.8,
        "f":0.7058823529
      },
      "B-NAME":{
        "p":0.9230769231,
        "r":0.5454545455,
        "f":0.6857142857
      },
      "B-EMAIL":{
        "p":0.8461538462,
        "r":0.7333333333,
        "f":0.7857142857
      },
      "B-WEB":{
        "p":0.8,
        "r":0.8571428571,
        "f":0.8275862069
      },
      "B-PHONE":{
        "p":0.7692307692,
        "r":0.625,
        "f":0.6896551724
      },
      "I-PHONE":{
        "p":0.76,
        "r":0.4634146341,
        "f":0.5757575758
      },
      "I-WEB":{
        "p":1.0,
        "r":1.0,
        "f":1.0
      },
      "I-EMAIL":{
        "p":1.0,
        "r":1.0,
        "f":1.0
      }
    },
    "tok2vec_loss":593.6370357384,
    "ner_loss":480.0459129688
  }
}